date,ytw
3/31/2010,4.67%
4/1/2010,4.70%
4/2/2010,4.76%
4/5/2010,4.81%
4/6/2010,4.78%
4/7/2010,4.68%
4/8/2010,4.70%
4/9/2010,4.67%
4/12/2010,4.64%
4/13/2010,4.61%
4/14/2010,4.62%
4/15/2010,4.61%
4/16/2010,4.53%
4/19/2010,4.59%
4/20/2010,4.58%
4/21/2010,4.52%
4/22/2010,4.55%
4/23/2010,4.59%
4/26/2010,4.58%
4/27/2010,4.46%
4/28/2010,4.52%
4/29/2010,4.47%
4/30/2010,4.44%
5/3/2010,4.60%
5/4/2010,4.55%
5/5/2010,4.53%
5/6/2010,4.55%
5/7/2010,4.72%
5/10/2010,4.73%
5/11/2010,4.69%
5/12/2010,4.71%
5/13/2010,4.70%
5/14/2010,4.63%
5/17/2010,4.67%
5/18/2010,4.60%
5/19/2010,4.65%
5/20/2010,4.64%
5/21/2010,4.64%
5/24/2010,4.73%
5/25/2010,4.74%
5/26/2010,4.80%
5/27/2010,4.84%
5/28/2010,4.78%
5/31/2010,4.78%
6/1/2010,4.83%
6/2/2010,4.94%
6/3/2010,5.01%
6/4/2010,4.89%
6/7/2010,4.92%
6/8/2010,4.96%
6/9/2010,5.08%
6/10/2010,5.22%
6/11/2010,5.20%
6/14/2010,5.17%
6/15/2010,5.25%
6/16/2010,5.22%
6/17/2010,5.13%
6/18/2010,5.12%
6/21/2010,5.11%
6/22/2010,5.07%
6/23/2010,5.04%
6/24/2010,5.05%
6/25/2010,5.06%
6/28/2010,4.97%
6/29/2010,4.96%
6/30/2010,4.92%
7/1/2010,4.68%
7/2/2010,4.71%
7/5/2010,4.71%
7/6/2010,4.69%
7/7/2010,4.65%
7/8/2010,4.67%
7/9/2010,4.67%
7/12/2010,4.65%
7/13/2010,4.69%
7/14/2010,4.59%
7/15/2010,4.57%
7/16/2010,4.49%
7/19/2010,4.51%
7/20/2010,4.48%
7/21/2010,4.51%
7/22/2010,4.52%
7/23/2010,4.54%
7/26/2010,4.53%
7/27/2010,4.54%
7/28/2010,4.50%
7/29/2010,4.50%
7/30/2010,4.42%
8/2/2010,4.35%
8/3/2010,4.30%
8/4/2010,4.30%
8/5/2010,4.29%
8/6/2010,4.24%
8/9/2010,4.21%
8/10/2010,4.20%
8/11/2010,4.14%
8/12/2010,4.19%
8/13/2010,4.17%
8/16/2010,4.10%
8/17/2010,4.13%
8/18/2010,4.16%
8/19/2010,4.12%
8/20/2010,4.14%
8/23/2010,4.15%
8/24/2010,4.09%
8/25/2010,4.13%
8/26/2010,4.10%
8/27/2010,4.21%
8/30/2010,4.14%
8/31/2010,4.10%
9/1/2010,4.31%
9/2/2010,4.31%
9/3/2010,4.33%
9/6/2010,4.34%
9/7/2010,4.26%
9/8/2010,4.29%
9/9/2010,4.35%
9/10/2010,4.34%
9/13/2010,4.29%
9/14/2010,4.24%
9/15/2010,4.26%
9/16/2010,4.27%
9/17/2010,4.26%
9/20/2010,4.23%
9/21/2010,4.15%
9/22/2010,4.13%
9/23/2010,4.13%
9/24/2010,4.15%
9/27/2010,4.10%
9/28/2010,4.06%
9/29/2010,4.08%
9/30/2010,4.04%
10/1/2010,4.09%
10/4/2010,4.05%
10/5/2010,4.04%
10/6/2010,3.96%
10/7/2010,3.96%
10/8/2010,3.95%
10/11/2010,3.95%
10/12/2010,3.97%
10/13/2010,3.98%
10/14/2010,4.02%
10/15/2010,4.05%
10/18/2010,4.01%
10/19/2010,3.99%
10/20/2010,3.98%
10/21/2010,4.01%
10/22/2010,4.00%
10/25/2010,4.01%
10/26/2010,4.07%
10/27/2010,4.11%
10/28/2010,4.08%
10/29/2010,4.04%
11/1/2010,4.05%
11/2/2010,4.01%
11/3/2010,4.05%
11/4/2010,3.94%
11/5/2010,3.96%
11/8/2010,3.99%
11/9/2010,4.05%
11/10/2010,4.02%
11/11/2010,4.04%
11/12/2010,4.10%
11/15/2010,4.23%
11/16/2010,4.20%
11/17/2010,4.21%
11/18/2010,4.22%
11/19/2010,4.22%
11/22/2010,4.18%
11/23/2010,4.16%
11/24/2010,4.28%
11/25/2010,4.26%
11/26/2010,4.23%
11/29/2010,4.22%
11/30/2010,4.20%
12/1/2010,4.35%
12/2/2010,4.37%
12/3/2010,4.35%
12/6/2010,4.30%
12/7/2010,4.46%
12/8/2010,4.57%
12/9/2010,4.57%
12/10/2010,4.60%
12/13/2010,4.46%
12/14/2010,4.57%
12/15/2010,4.61%
12/16/2010,4.58%
12/17/2010,4.48%
12/20/2010,4.51%
12/21/2010,4.48%
12/22/2010,4.50%
12/23/2010,4.51%
12/24/2010,4.52%
12/27/2010,4.48%
12/28/2010,4.57%
12/29/2010,4.45%
12/30/2010,4.45%
12/31/2010,4.40%
1/3/2011,4.47%
1/4/2011,4.48%
1/5/2011,4.54%
1/6/2011,4.48%
1/7/2011,4.42%
1/10/2011,4.40%
1/11/2011,4.40%
1/12/2011,4.41%
1/13/2011,4.37%
1/14/2011,4.38%
1/17/2011,4.36%
1/18/2011,4.38%
1/19/2011,4.35%
1/20/2011,4.45%
1/21/2011,4.42%
1/24/2011,4.39%
1/25/2011,4.34%
1/26/2011,4.40%
1/27/2011,4.35%
1/28/2011,4.32%
1/31/2011,4.34%
2/1/2011,4.38%
2/2/2011,4.42%
2/3/2011,4.44%
2/4/2011,4.51%
2/7/2011,4.48%
2/8/2011,4.51%
2/9/2011,4.44%
2/10/2011,4.50%
2/11/2011,4.46%
2/14/2011,4.45%
2/15/2011,4.43%
2/16/2011,4.44%
2/17/2011,4.39%
2/18/2011,4.40%
2/21/2011,4.37%
2/22/2011,4.32%
2/23/2011,4.40%
2/24/2011,4.37%
2/25/2011,4.39%
2/28/2011,4.37%
3/1/2011,4.37%
3/2/2011,4.41%
3/3/2011,4.48%
3/4/2011,4.41%
3/7/2011,4.42%
3/8/2011,4.44%
3/9/2011,4.40%
3/10/2011,4.36%
3/11/2011,4.36%
3/14/2011,4.33%
3/15/2011,4.35%
3/16/2011,4.30%
3/17/2011,4.33%
3/18/2011,4.30%
3/21/2011,4.31%
3/22/2011,4.32%
3/23/2011,4.34%
3/24/2011,4.38%
3/25/2011,4.43%
3/28/2011,4.38%
3/29/2011,4.41%
3/30/2011,4.38%
3/31/2011,4.38%
4/1/2011,4.41%
4/4/2011,4.39%
4/5/2011,4.42%
4/6/2011,4.45%
4/7/2011,4.44%
4/8/2011,4.44%
4/11/2011,4.45%
4/12/2011,4.41%
4/13/2011,4.37%
4/14/2011,4.39%
4/15/2011,4.33%
4/18/2011,4.32%
4/19/2011,4.30%
4/20/2011,4.33%
4/21/2011,4.33%
4/22/2011,4.32%
4/25/2011,4.29%
4/26/2011,4.25%
4/27/2011,4.28%
4/28/2011,4.24%
4/29/2011,4.22%
5/2/2011,4.20%
5/3/2011,4.18%
5/4/2011,4.16%
5/5/2011,4.12%
5/6/2011,4.13%
5/9/2011,4.12%
5/10/2011,4.16%
5/11/2011,4.12%
5/12/2011,4.16%
5/13/2011,4.12%
5/16/2011,4.10%
5/17/2011,4.08%
5/18/2011,4.12%
5/19/2011,4.13%
5/20/2011,4.10%
5/23/2011,4.10%
5/24/2011,4.10%
5/25/2011,4.11%
5/26/2011,4.06%
5/27/2011,4.08%
5/30/2011,4.07%
5/31/2011,4.06%
6/1/2011,4.02%
6/2/2011,4.09%
6/3/2011,4.07%
6/6/2011,4.08%
6/7/2011,4.08%
6/8/2011,4.06%
6/9/2011,4.09%
6/10/2011,4.07%
6/13/2011,4.10%
6/14/2011,4.17%
6/15/2011,4.08%
6/16/2011,4.06%
6/17/2011,4.11%
6/20/2011,4.12%
6/21/2011,4.12%
6/22/2011,4.13%
6/23/2011,4.09%
6/24/2011,4.09%
6/27/2011,4.15%
6/28/2011,4.21%
6/29/2011,4.23%
6/30/2011,4.25%
7/1/2011,4.27%
7/4/2011,4.24%
7/5/2011,4.19%
7/6/2011,4.15%
7/7/2011,4.17%
7/8/2011,4.07%
7/11/2011,4.01%
7/12/2011,4.06%
7/13/2011,4.05%
7/14/2011,4.07%
7/15/2011,4.05%
7/18/2011,4.06%
7/19/2011,4.03%
7/20/2011,4.05%
7/21/2011,4.08%
7/22/2011,4.03%
7/25/2011,4.06%
7/26/2011,4.01%
7/27/2011,4.02%
7/28/2011,4.03%
7/29/2011,3.95%
8/1/2011,3.92%
8/2/2011,3.83%
8/3/2011,3.84%
8/4/2011,3.82%
8/5/2011,3.93%
8/8/2011,3.97%
8/9/2011,3.91%
8/10/2011,3.93%
8/11/2011,4.13%
8/12/2011,3.99%
8/15/2011,4.03%
8/16/2011,3.97%
8/17/2011,3.92%
8/18/2011,3.90%
8/19/2011,3.90%
8/22/2011,3.94%
8/23/2011,4.03%
8/24/2011,4.14%
8/25/2011,4.10%
8/26/2011,4.08%
8/29/2011,4.13%
8/30/2011,4.05%
8/31/2011,4.05%
9/1/2011,4.00%
9/2/2011,3.90%
9/5/2011,3.89%
9/6/2011,3.93%
9/7/2011,3.95%
9/8/2011,3.92%
9/9/2011,3.87%
9/12/2011,3.94%
9/13/2011,4.01%
9/14/2011,4.01%
9/15/2011,4.06%
9/16/2011,4.04%
9/19/2011,3.95%
9/20/2011,3.96%
9/21/2011,3.91%
9/22/2011,3.87%
9/23/2011,3.95%
9/26/2011,4.04%
9/27/2011,4.11%
9/28/2011,4.11%
9/29/2011,4.09%
9/30/2011,4.10%
10/3/2011,4.03%
10/4/2011,4.12%
10/5/2011,4.19%
10/6/2011,4.19%
10/7/2011,4.24%
10/10/2011,4.28%
10/11/2011,4.24%
10/12/2011,4.23%
10/13/2011,4.17%
10/14/2011,4.17%
10/17/2011,4.07%
10/18/2011,4.04%
10/19/2011,3.99%
10/20/2011,3.99%
10/21/2011,3.97%
10/24/2011,3.96%
10/25/2011,3.85%
10/26/2011,3.90%
10/27/2011,3.97%
10/28/2011,3.90%
10/31/2011,3.79%
11/1/2011,3.72%
11/2/2011,3.73%
11/3/2011,3.77%
11/4/2011,3.73%
11/7/2011,3.70%
11/8/2011,3.75%
11/9/2011,3.73%
11/10/2011,3.81%
11/11/2011,3.84%
11/14/2011,3.81%
11/15/2011,3.84%
11/16/2011,3.85%
11/17/2011,3.84%
11/18/2011,3.90%
11/21/2011,3.91%
11/22/2011,3.92%
11/23/2011,3.89%
11/24/2011,3.92%
11/25/2011,3.96%
11/28/2011,3.95%
11/29/2011,3.98%
11/30/2011,4.01%
12/1/2011,4.13%
12/2/2011,4.00%
12/5/2011,3.98%
12/6/2011,4.01%
12/7/2011,3.96%
12/8/2011,3.93%
12/9/2011,3.98%
12/12/2011,3.97%
12/13/2011,3.93%
12/14/2011,3.90%
12/15/2011,3.91%
12/16/2011,3.86%
12/19/2011,3.84%
12/20/2011,3.91%
12/21/2011,3.93%
12/22/2011,3.91%
12/23/2011,3.97%
12/26/2011,3.96%
12/27/2011,3.93%
12/28/2011,3.84%
12/29/2011,3.84%
12/30/2011,3.82%
1/2/2012,3.81%
1/3/2012,3.83%
1/4/2012,3.84%
1/5/2012,3.84%
1/6/2012,3.81%
1/9/2012,3.79%
1/10/2012,3.77%
1/11/2012,3.75%
1/12/2012,3.80%
1/13/2012,3.77%
1/16/2012,3.78%
1/17/2012,3.77%
1/18/2012,3.80%
1/19/2012,3.84%
1/20/2012,3.88%
1/23/2012,3.88%
1/24/2012,3.89%
1/25/2012,3.83%
1/26/2012,3.77%
1/27/2012,3.75%
1/30/2012,3.72%
1/31/2012,3.68%
2/1/2012,3.73%
2/2/2012,3.71%
2/3/2012,3.78%
2/6/2012,3.73%
2/7/2012,3.75%
2/8/2012,3.72%
2/9/2012,3.74%
2/10/2012,3.70%
2/13/2012,3.73%
2/14/2012,3.67%
2/15/2012,3.68%
2/16/2012,3.72%
2/17/2012,3.71%
2/20/2012,3.72%
2/21/2012,3.71%
2/22/2012,3.67%
2/23/2012,3.66%
2/24/2012,3.63%
2/27/2012,3.57%
2/28/2012,3.56%
2/29/2012,3.56%
3/1/2012,3.61%
3/2/2012,3.58%
3/5/2012,3.65%
3/6/2012,3.66%
3/7/2012,3.66%
3/8/2012,3.69%
3/9/2012,3.71%
3/12/2012,3.71%
3/13/2012,3.76%
3/14/2012,3.86%
3/15/2012,3.87%
3/16/2012,3.88%
3/19/2012,3.93%
3/20/2012,3.93%
3/21/2012,3.85%
3/22/2012,3.86%
3/23/2012,3.83%
3/26/2012,3.84%
3/27/2012,3.82%
3/28/2012,3.83%
3/29/2012,3.81%
3/30/2012,3.85%
4/2/2012,3.87%
4/3/2012,3.93%
4/4/2012,3.91%
4/5/2012,3.88%
4/6/2012,3.82%
4/9/2012,3.82%
4/10/2012,3.80%
4/11/2012,3.84%
4/12/2012,3.83%
4/13/2012,3.78%
4/16/2012,3.77%
4/17/2012,3.80%
4/18/2012,3.79%
4/19/2012,3.79%
4/20/2012,3.79%
4/23/2012,3.78%
4/24/2012,3.79%
4/25/2012,3.79%
4/26/2012,3.77%
4/27/2012,3.75%
4/30/2012,3.74%
5/1/2012,3.74%
5/2/2012,3.74%
5/3/2012,3.74%
5/4/2012,3.70%
5/7/2012,3.70%
5/8/2012,3.68%
5/9/2012,3.70%
5/10/2012,3.71%
5/11/2012,3.74%
5/14/2012,3.72%
5/15/2012,3.72%
5/16/2012,3.77%
5/17/2012,3.80%
5/18/2012,3.83%
5/21/2012,3.86%
5/22/2012,3.89%
5/23/2012,3.86%
5/24/2012,3.89%
5/25/2012,3.87%
5/28/2012,3.87%
5/29/2012,3.85%
5/30/2012,3.79%
5/31/2012,3.77%
6/1/2012,3.84%
6/4/2012,3.87%
6/5/2012,3.90%
6/6/2012,3.93%
6/7/2012,3.91%
6/8/2012,3.90%
6/11/2012,3.88%
6/12/2012,3.92%
6/13/2012,3.89%
6/14/2012,3.88%
6/15/2012,3.85%
6/18/2012,3.85%
6/19/2012,3.85%
6/20/2012,3.83%
6/21/2012,3.80%
6/22/2012,3.84%
6/25/2012,3.80%
6/26/2012,3.82%
6/27/2012,3.81%
6/28/2012,3.78%
6/29/2012,3.80%
7/2/2012,3.74%
7/3/2012,3.75%
7/4/2012,3.73%
7/5/2012,3.72%
7/6/2012,3.69%
7/9/2012,3.68%
7/10/2012,3.66%
7/11/2012,3.65%
7/12/2012,3.63%
7/13/2012,3.64%
7/16/2012,3.60%
7/17/2012,3.60%
7/18/2012,3.56%
7/19/2012,3.54%
7/20/2012,3.51%
7/23/2012,3.51%
7/24/2012,3.51%
7/25/2012,3.52%
7/26/2012,3.50%
7/27/2012,3.57%
7/30/2012,3.51%
7/31/2012,3.49%
8/1/2012,3.50%
8/2/2012,3.45%
8/3/2012,3.50%
8/6/2012,3.48%
8/7/2012,3.50%
8/8/2012,3.50%
8/9/2012,3.53%
8/10/2012,3.51%
8/13/2012,3.52%
8/14/2012,3.56%
8/15/2012,3.61%
8/16/2012,3.63%
8/17/2012,3.62%
8/20/2012,3.60%
8/21/2012,3.60%
8/22/2012,3.52%
8/23/2012,3.49%
8/24/2012,3.50%
8/27/2012,3.48%
8/28/2012,3.48%
8/29/2012,3.47%
8/30/2012,3.43%
8/31/2012,3.38%
9/3/2012,3.39%
9/4/2012,3.41%
9/5/2012,3.41%
9/6/2012,3.48%
9/7/2012,3.47%
9/10/2012,3.46%
9/11/2012,3.46%
9/12/2012,3.43%
9/13/2012,3.43%
9/14/2012,3.42%
9/17/2012,3.40%
9/18/2012,3.40%
9/19/2012,3.38%
9/20/2012,3.39%
9/21/2012,3.41%
9/24/2012,3.39%
9/25/2012,3.38%
9/26/2012,3.37%
9/27/2012,3.37%
9/28/2012,3.35%
10/1/2012,3.37%
10/2/2012,3.35%
10/3/2012,3.32%
10/4/2012,3.34%
10/5/2012,3.38%
10/8/2012,3.35%
10/9/2012,3.35%
10/10/2012,3.33%
10/11/2012,3.27%
10/12/2012,3.20%
10/15/2012,3.18%
10/16/2012,3.20%
10/17/2012,3.20%
10/18/2012,3.21%
10/19/2012,3.18%
10/22/2012,3.16%
10/23/2012,3.23%
10/24/2012,3.20%
10/25/2012,3.24%
10/26/2012,3.16%
10/29/2012,3.16%
10/30/2012,3.17%
10/31/2012,3.14%
11/1/2012,3.12%
11/2/2012,3.15%
11/5/2012,3.10%
11/6/2012,3.14%
11/7/2012,3.12%
11/8/2012,3.09%
11/9/2012,3.11%
11/12/2012,3.12%
11/13/2012,3.16%
11/14/2012,3.16%
11/15/2012,3.19%
11/16/2012,3.20%
11/19/2012,3.22%
11/20/2012,3.24%
11/21/2012,3.27%
11/22/2012,3.27%
11/23/2012,3.27%
11/26/2012,3.22%
11/27/2012,3.21%
11/28/2012,3.24%
11/29/2012,3.21%
11/30/2012,3.21%
12/3/2012,3.23%
12/4/2012,3.20%
12/5/2012,3.15%
12/6/2012,3.14%
12/7/2012,3.20%
12/10/2012,3.14%
12/11/2012,3.19%
12/12/2012,3.21%
12/13/2012,3.21%
12/14/2012,3.21%
12/17/2012,3.24%
12/18/2012,3.31%
12/19/2012,3.27%
12/20/2012,3.28%
12/21/2012,3.24%
12/24/2012,3.25%
12/25/2012,3.26%
12/26/2012,3.23%
12/27/2012,3.18%
12/28/2012,3.18%
12/31/2012,3.21%
1/1/2013,3.18%
1/2/2013,3.22%
1/3/2013,3.26%
1/4/2013,3.26%
1/7/2013,3.22%
1/8/2013,3.19%
1/9/2013,3.17%
1/10/2013,3.20%
1/11/2013,3.19%
1/14/2013,3.19%
1/15/2013,3.17%
1/16/2013,3.12%
1/17/2013,3.17%
1/18/2013,3.14%
1/21/2013,3.16%
1/22/2013,3.12%
1/23/2013,3.10%
1/24/2013,3.09%
1/25/2013,3.16%
1/28/2013,3.20%
1/29/2013,3.30%
1/30/2013,3.27%
1/31/2013,3.27%
2/1/2013,3.30%
2/4/2013,3.34%
2/5/2013,3.33%
2/6/2013,3.32%
2/7/2013,3.28%
2/8/2013,3.29%
2/11/2013,3.32%
2/12/2013,3.32%
2/13/2013,3.32%
2/14/2013,3.36%
2/15/2013,3.36%
2/18/2013,3.36%
2/19/2013,3.38%
2/20/2013,3.37%
2/21/2013,3.34%
2/22/2013,3.36%
2/25/2013,3.30%
2/26/2013,3.28%
2/27/2013,3.28%
2/28/2013,3.25%
3/1/2013,3.20%
3/4/2013,3.30%
3/5/2013,3.31%
3/6/2013,3.33%
3/7/2013,3.35%
3/8/2013,3.39%
3/11/2013,3.39%
3/12/2013,3.36%
3/13/2013,3.37%
3/14/2013,3.37%
3/15/2013,3.34%
3/18/2013,3.32%
3/19/2013,3.29%
3/20/2013,3.29%
3/21/2013,3.29%
3/22/2013,3.29%
3/25/2013,3.29%
3/26/2013,3.28%
3/27/2013,3.26%
3/28/2013,3.26%
3/29/2013,3.26%
4/1/2013,3.27%
4/2/2013,3.28%
4/3/2013,3.22%
4/4/2013,3.18%
4/5/2013,3.15%
4/8/2013,3.18%
4/9/2013,3.17%
4/10/2013,3.19%
4/11/2013,3.17%
4/12/2013,3.12%
4/15/2013,3.11%
4/16/2013,3.12%
4/17/2013,3.11%
4/18/2013,3.12%
4/19/2013,3.12%
4/22/2013,3.12%
4/23/2013,3.11%
4/24/2013,3.09%
4/25/2013,3.08%
4/26/2013,3.06%
4/29/2013,3.05%
4/30/2013,3.01%
5/1/2013,2.99%
5/2/2013,3.02%
5/3/2013,3.09%
5/6/2013,3.09%
5/7/2013,3.09%
5/8/2013,3.07%
5/9/2013,3.08%
5/10/2013,3.15%
5/13/2013,3.17%
5/14/2013,3.21%
5/15/2013,3.20%
5/16/2013,3.16%
5/17/2013,3.21%
5/20/2013,3.20%
5/21/2013,3.19%
5/22/2013,3.24%
5/23/2013,3.26%
5/24/2013,3.26%
5/27/2013,3.27%
5/28/2013,3.33%
5/29/2013,3.36%
5/30/2013,3.37%
5/31/2013,3.42%
6/3/2013,3.43%
6/4/2013,3.48%
6/5/2013,3.51%
6/6/2013,3.49%
6/7/2013,3.53%
6/10/2013,3.57%
6/11/2013,3.61%
6/12/2013,3.64%
6/13/2013,3.62%
6/14/2013,3.57%
6/17/2013,3.58%
6/18/2013,3.58%
6/19/2013,3.69%
6/20/2013,3.87%
6/21/2013,3.95%
6/24/2013,4.04%
6/25/2013,4.09%
6/26/2013,4.03%
6/27/2013,3.96%
6/28/2013,3.91%
7/1/2013,3.84%
7/2/2013,3.82%
7/3/2013,3.84%
7/4/2013,3.85%
7/5/2013,3.98%
7/8/2013,3.93%
7/9/2013,3.90%
7/10/2013,3.91%
7/11/2013,3.80%
7/12/2013,3.81%
7/15/2013,3.76%
7/16/2013,3.72%
7/17/2013,3.67%
7/18/2013,3.68%
7/19/2013,3.62%
7/22/2013,3.60%
7/23/2013,3.60%
7/24/2013,3.68%
7/25/2013,3.72%
7/26/2013,3.67%
7/29/2013,3.71%
7/30/2013,3.72%
7/31/2013,3.72%
8/1/2013,3.81%
8/2/2013,3.72%
8/5/2013,3.75%
8/6/2013,3.75%
8/7/2013,3.73%
8/8/2013,3.73%
8/9/2013,3.74%
8/12/2013,3.77%
8/13/2013,3.84%
8/14/2013,3.84%
8/15/2013,3.90%
8/16/2013,3.94%
8/19/2013,3.99%
8/20/2013,3.96%
8/21/2013,4.00%
8/22/2013,4.03%
8/23/2013,3.97%
8/26/2013,3.95%
8/27/2013,3.90%
8/28/2013,3.94%
8/29/2013,3.90%
8/30/2013,3.88%
9/2/2013,3.94%
9/3/2013,3.93%
9/4/2013,3.97%
9/5/2013,4.04%
9/6/2013,4.03%
9/9/2013,3.99%
9/10/2013,4.03%
9/11/2013,4.00%
9/12/2013,4.00%
9/13/2013,3.99%
9/16/2013,3.97%
9/17/2013,3.95%
9/18/2013,3.82%
9/19/2013,3.83%
9/20/2013,3.79%
9/23/2013,3.82%
9/24/2013,3.78%
9/25/2013,3.75%
9/26/2013,3.77%
9/27/2013,3.75%
9/30/2013,3.79%
10/1/2013,3.80%
10/2/2013,3.77%
10/3/2013,3.77%
10/4/2013,3.79%
10/7/2013,3.77%
10/8/2013,3.77%
10/9/2013,3.77%
10/10/2013,3.77%
10/11/2013,3.77%
10/14/2013,3.80%
10/15/2013,3.76%
10/16/2013,3.73%
10/17/2013,3.65%
10/18/2013,3.64%
10/21/2013,3.63%
10/22/2013,3.56%
10/23/2013,3.56%
10/24/2013,3.57%
10/25/2013,3.55%
10/28/2013,3.56%
10/29/2013,3.55%
10/30/2013,3.54%
10/31/2013,3.56%
11/1/2013,3.62%
11/4/2013,3.60%
11/5/2013,3.64%
11/6/2013,3.64%
11/7/2013,3.61%
11/8/2013,3.72%
11/11/2013,3.72%
11/12/2013,3.75%
11/13/2013,3.71%
11/14/2013,3.66%
11/15/2013,3.66%
11/18/2013,3.63%
11/19/2013,3.66%
11/20/2013,3.69%
11/21/2013,3.66%
11/22/2013,3.62%
11/25/2013,3.62%
11/26/2013,3.59%
11/27/2013,3.61%
11/28/2013,3.61%
11/29/2013,3.62%
12/2/2013,3.67%
12/3/2013,3.67%
12/4/2013,3.72%
12/5/2013,3.73%
12/6/2013,3.74%
12/9/2013,3.71%
12/10/2013,3.68%
12/11/2013,3.71%
12/12/2013,3.72%
12/13/2013,3.73%
12/16/2013,3.73%
12/17/2013,3.71%
12/18/2013,3.73%
12/19/2013,3.75%
12/20/2013,3.70%
12/23/2013,3.71%
12/24/2013,3.76%
12/25/2013,3.75%
12/26/2013,3.76%
12/27/2013,3.76%
12/30/2013,3.74%
12/31/2013,3.73%
1/1/2014,3.74%
1/2/2014,3.71%
1/3/2014,3.72%
1/6/2014,3.69%
1/7/2014,3.66%
1/8/2014,3.70%
1/9/2014,3.68%
1/10/2014,3.62%
1/13/2014,3.59%
1/14/2014,3.62%
1/15/2014,3.61%
1/16/2014,3.60%
1/17/2014,3.58%
1/20/2014,3.58%
1/21/2014,3.59%
1/22/2014,3.62%
1/23/2014,3.57%
1/24/2014,3.60%
1/27/2014,3.63%
1/28/2014,3.60%
1/29/2014,3.57%
1/30/2014,3.57%
1/31/2014,3.55%
2/3/2014,3.52%
2/4/2014,3.54%
2/5/2014,3.58%
2/6/2014,3.58%
2/7/2014,3.53%
2/10/2014,3.55%
2/11/2014,3.58%
2/12/2014,3.58%
2/13/2014,3.56%
2/14/2014,3.55%
2/17/2014,3.55%
2/18/2014,3.52%
2/19/2014,3.50%
2/20/2014,3.52%
2/21/2014,3.50%
2/24/2014,3.51%
2/25/2014,3.49%
2/26/2014,3.45%
2/27/2014,3.46%
2/28/2014,3.44%
3/3/2014,3.42%
3/4/2014,3.48%
3/5/2014,3.49%
3/6/2014,3.53%
3/7/2014,3.59%
3/10/2014,3.59%
3/11/2014,3.59%
3/12/2014,3.56%
3/13/2014,3.50%
3/14/2014,3.52%
3/17/2014,3.54%
3/18/2014,3.52%
3/19/2014,3.58%
3/20/2014,3.60%
3/21/2014,3.58%
3/24/2014,3.59%
3/25/2014,3.56%
3/26/2014,3.53%
3/27/2014,3.52%
3/28/2014,3.55%
3/31/2014,3.53%
4/1/2014,3.52%
4/2/2014,3.55%
4/3/2014,3.55%
4/4/2014,3.47%
4/7/2014,3.46%
4/8/2014,3.45%
4/9/2014,3.44%
4/10/2014,3.39%
4/11/2014,3.39%
4/14/2014,3.40%
4/15/2014,3.39%
4/16/2014,3.38%
4/17/2014,3.44%
4/18/2014,3.48%
4/21/2014,3.45%
4/22/2014,3.45%
4/23/2014,3.42%
4/24/2014,3.42%
4/25/2014,3.41%
4/28/2014,3.41%
4/29/2014,3.43%
4/30/2014,3.39%
5/1/2014,3.37%
5/2/2014,3.38%
5/5/2014,3.39%
5/6/2014,3.37%
5/7/2014,3.36%
5/8/2014,3.35%
5/9/2014,3.36%
5/12/2014,3.36%
5/13/2014,3.36%
5/14/2014,3.30%
5/15/2014,3.25%
5/16/2014,3.25%
5/19/2014,3.26%
5/20/2014,3.26%
5/21/2014,3.28%
5/22/2014,3.30%
5/23/2014,3.27%
5/26/2014,3.27%
5/27/2014,3.26%
5/28/2014,3.20%
5/29/2014,3.23%
5/30/2014,3.23%
6/2/2014,3.29%
6/3/2014,3.33%
6/4/2014,3.34%
6/5/2014,3.33%
6/6/2014,3.35%
6/9/2014,3.36%
6/10/2014,3.37%
6/11/2014,3.37%
6/12/2014,3.31%
6/13/2014,3.32%
6/16/2014,3.31%
6/17/2014,3.36%
6/18/2014,3.33%
6/19/2014,3.34%
6/20/2014,3.32%
6/23/2014,3.32%
6/24/2014,3.28%
6/25/2014,3.26%
6/26/2014,3.24%
6/27/2014,3.25%
6/30/2014,3.23%
7/1/2014,3.28%
7/2/2014,3.33%
7/3/2014,3.34%
7/4/2014,3.34%
7/7/2014,3.33%
7/8/2014,3.30%
7/9/2014,3.29%
7/10/2014,3.29%
7/11/2014,3.29%
7/14/2014,3.32%
7/15/2014,3.32%
7/16/2014,3.33%
7/17/2014,3.30%
7/18/2014,3.33%
7/21/2014,3.33%
7/22/2014,3.32%
7/23/2014,3.31%
7/24/2014,3.34%
7/25/2014,3.32%
7/28/2014,3.34%
7/29/2014,3.31%
7/30/2014,3.38%
7/31/2014,3.43%
8/1/2014,3.41%
8/4/2014,3.41%
8/5/2014,3.39%
8/6/2014,3.39%
8/7/2014,3.34%
8/8/2014,3.34%
8/11/2014,3.33%
8/12/2014,3.32%
8/13/2014,3.29%
8/14/2014,3.26%
8/15/2014,3.22%
8/18/2014,3.26%
8/19/2014,3.29%
8/20/2014,3.28%
8/21/2014,3.26%
8/22/2014,3.26%
8/25/2014,3.25%
8/26/2014,3.26%
8/27/2014,3.22%
8/28/2014,3.21%
8/29/2014,3.22%
9/1/2014,3.22%
9/2/2014,3.27%
9/3/2014,3.28%
9/4/2014,3.33%
9/5/2014,3.35%
9/8/2014,3.37%
9/9/2014,3.40%
9/10/2014,3.44%
9/11/2014,3.44%
9/12/2014,3.50%
9/15/2014,3.49%
9/16/2014,3.52%
9/17/2014,3.52%
9/18/2014,3.53%
9/19/2014,3.50%
9/22/2014,3.49%
9/23/2014,3.48%
9/24/2014,3.53%
9/25/2014,3.52%
9/26/2014,3.57%
9/29/2014,3.57%
9/30/2014,3.57%
10/1/2014,3.45%
10/2/2014,3.48%
10/3/2014,3.47%
10/6/2014,3.43%
10/7/2014,3.39%
10/8/2014,3.39%
10/9/2014,3.42%
10/10/2014,3.47%
10/13/2014,3.44%
10/14/2014,3.43%
10/15/2014,3.41%
10/16/2014,3.43%
10/17/2014,3.40%
10/20/2014,3.39%
10/21/2014,3.38%
10/22/2014,3.39%
10/23/2014,3.41%
10/24/2014,3.42%
10/27/2014,3.42%
10/28/2014,3.45%
10/29/2014,3.49%
10/30/2014,3.48%
10/31/2014,3.51%
11/3/2014,3.52%
11/4/2014,3.56%
11/5/2014,3.55%
11/6/2014,3.58%
11/7/2014,3.54%
11/10/2014,3.57%
11/11/2014,3.58%
11/12/2014,3.59%
11/13/2014,3.61%
11/14/2014,3.61%
11/17/2014,3.65%
11/18/2014,3.66%
11/19/2014,3.70%
11/20/2014,3.70%
11/21/2014,3.65%
11/24/2014,3.63%
11/25/2014,3.58%
11/26/2014,3.56%
11/27/2014,3.55%
11/28/2014,3.61%
12/1/2014,3.73%
12/2/2014,3.78%
12/3/2014,3.78%
12/4/2014,3.77%
12/5/2014,3.83%
12/8/2014,3.83%
12/9/2014,3.86%
12/10/2014,3.87%
12/11/2014,3.92%
12/12/2014,3.93%
12/15/2014,3.97%
12/16/2014,4.00%
12/17/2014,4.04%
12/18/2014,3.99%
12/19/2014,3.98%
12/22/2014,3.95%
12/23/2014,4.00%
12/24/2014,4.00%
12/25/2014,4.00%
12/26/2014,3.99%
12/29/2014,3.95%
12/30/2014,3.94%
12/31/2014,3.92%
1/1/2015,3.92%
1/2/2015,3.89%
1/5/2015,3.87%
1/6/2015,3.86%
1/7/2015,3.84%
1/8/2015,3.87%
1/9/2015,3.82%
1/12/2015,3.81%
1/13/2015,3.83%
1/14/2015,3.79%
1/15/2015,3.75%
1/16/2015,3.81%
1/19/2015,3.76%
1/20/2015,3.80%
1/21/2015,3.83%
1/22/2015,3.85%
1/23/2015,3.79%
1/26/2015,3.79%
1/27/2015,3.78%
1/28/2015,3.69%
1/29/2015,3.74%
1/30/2015,3.69%
2/2/2015,3.72%
2/3/2015,3.76%
2/4/2015,3.75%
2/5/2015,3.73%
2/6/2015,3.79%
2/9/2015,3.77%
2/10/2015,3.79%
2/11/2015,3.77%
2/12/2015,3.76%
2/13/2015,3.76%
2/16/2015,3.79%
2/17/2015,3.83%
2/18/2015,3.74%
2/19/2015,3.77%
2/20/2015,3.77%
2/23/2015,3.70%
2/24/2015,3.64%
2/25/2015,3.61%
2/26/2015,3.62%
2/27/2015,3.63%
3/2/2015,3.73%
3/3/2015,3.75%
3/4/2015,3.76%
3/5/2015,3.74%
3/6/2015,3.82%
3/9/2015,3.80%
3/10/2015,3.77%
3/11/2015,3.76%
3/12/2015,3.77%
3/13/2015,3.83%
3/16/2015,3.87%
3/17/2015,3.87%
3/18/2015,3.78%
3/19/2015,3.80%
3/20/2015,3.77%
3/23/2015,3.77%
3/24/2015,3.71%
3/25/2015,3.76%
3/26/2015,3.82%
3/27/2015,3.76%
3/30/2015,3.78%
3/31/2015,3.75%
4/1/2015,3.63%
4/2/2015,3.64%
4/3/2015,3.58%
4/6/2015,3.62%
4/7/2015,3.58%
4/8/2015,3.55%
4/9/2015,3.61%
4/10/2015,3.59%
4/13/2015,3.56%
4/14/2015,3.36%
4/15/2015,3.34%
4/16/2015,3.33%
4/17/2015,3.33%
4/20/2015,3.36%
4/21/2015,3.37%
4/22/2015,3.41%
4/23/2015,3.38%
4/24/2015,3.36%
4/27/2015,3.37%
4/28/2015,3.42%
4/29/2015,3.47%
4/30/2015,3.48%
5/1/2015,3.52%
5/4/2015,3.52%
5/5/2015,3.54%
5/6/2015,3.58%
5/7/2015,3.55%
5/8/2015,3.52%
5/11/2015,3.60%
5/12/2015,3.59%
5/13/2015,3.58%
5/14/2015,3.54%
5/15/2015,3.48%
5/18/2015,3.55%
5/19/2015,3.58%
5/20/2015,3.57%
5/21/2015,3.53%
5/22/2015,3.57%
5/25/2015,3.55%
5/26/2015,3.52%
5/27/2015,3.53%
5/28/2015,3.52%
5/29/2015,3.50%
6/1/2015,3.74%
6/2/2015,3.80%
6/3/2015,3.86%
6/4/2015,3.82%
6/5/2015,3.90%
6/8/2015,3.88%
6/9/2015,3.92%
6/10/2015,3.96%
6/11/2015,3.89%
6/12/2015,3.91%
6/15/2015,3.92%
6/16/2015,3.93%
6/17/2015,3.93%
6/18/2015,3.93%
6/19/2015,3.87%
6/22/2015,3.94%
6/23/2015,4.00%
6/24/2015,3.96%
6/25/2015,3.99%
6/26/2015,4.06%
6/29/2015,3.98%
6/30/2015,3.98%
7/1/2015,4.05%
7/2/2015,4.02%
7/6/2015,3.97%
7/7/2015,3.96%
7/8/2015,3.95%
7/9/2015,4.02%
7/10/2015,4.10%
7/13/2015,4.11%
7/14/2015,4.08%
7/15/2015,4.05%
7/16/2015,4.06%
7/17/2015,4.09%
7/20/2015,4.15%
7/21/2015,4.16%
7/22/2015,4.19%
7/23/2015,4.17%
7/24/2015,4.18%
7/27/2015,4.17%
7/28/2015,4.19%
7/29/2015,4.22%
7/30/2015,4.20%
7/31/2015,4.17%
8/3/2015,3.96%
8/4/2015,4.02%
8/5/2015,4.10%
8/6/2015,4.25%
8/7/2015,4.22%
8/10/2015,4.27%
8/11/2015,4.23%
8/12/2015,4.26%
8/13/2015,4.32%
8/14/2015,4.34%
8/17/2015,4.31%
8/18/2015,4.36%
8/19/2015,4.35%
8/20/2015,4.36%
8/21/2015,4.36%
8/24/2015,4.41%
8/25/2015,4.50%
8/26/2015,4.54%
8/27/2015,4.48%
8/28/2015,4.48%
8/31/2015,4.47%
9/1/2015,4.47%
9/2/2015,4.47%
9/3/2015,4.42%
9/4/2015,4.39%
9/8/2015,4.40%
9/9/2015,4.36%
9/10/2015,4.38%
9/11/2015,4.35%
9/14/2015,4.37%
9/15/2015,4.46%
9/16/2015,4.47%
9/17/2015,4.39%
9/18/2015,4.34%
9/21/2015,4.40%
9/22/2015,4.37%
9/23/2015,4.39%
9/24/2015,4.43%
9/25/2015,4.48%
9/28/2015,4.56%
9/29/2015,4.57%
9/30/2015,4.58%
10/1/2015,4.59%
10/2/2015,4.56%
10/5/2015,4.56%
10/6/2015,4.51%
10/7/2015,4.45%
10/8/2015,4.50%
10/9/2015,4.43%
10/13/2015,4.43%
10/14/2015,4.37%
10/15/2015,4.41%
10/16/2015,4.39%
10/19/2015,4.39%
10/20/2015,4.44%
10/21/2015,4.40%
10/22/2015,4.38%
10/23/2015,4.42%
10/26/2015,4.43%
10/27/2015,4.45%
10/28/2015,4.51%
10/29/2015,4.56%
10/30/2015,4.55%
11/2/2015,4.60%
11/3/2015,4.60%
11/4/2015,4.62%
11/5/2015,4.64%
11/6/2015,4.71%
11/9/2015,4.73%
11/10/2015,4.72%
11/12/2015,4.77%
11/13/2015,4.77%
11/16/2015,4.78%
11/17/2015,4.79%
11/18/2015,4.83%
11/19/2015,4.88%
11/20/2015,4.91%
11/23/2015,4.92%
11/24/2015,4.94%
11/25/2015,4.93%
11/27/2015,4.94%
11/30/2015,4.93%
12/1/2015,4.84%
12/2/2015,4.95%
12/3/2015,5.11%
12/4/2015,5.03%
12/7/2015,5.08%
12/8/2015,5.18%
12/9/2015,5.06%
12/10/2015,5.12%
12/11/2015,5.17%
12/14/2015,5.38%
12/15/2015,5.40%
12/16/2015,5.48%
12/17/2015,5.56%
12/18/2015,5.72%
12/21/2015,5.72%
12/22/2015,5.72%
12/23/2015,5.68%
12/24/2015,5.69%
12/28/2015,5.66%
12/29/2015,5.73%
12/30/2015,5.72%
12/31/2015,5.69%
1/4/2016,5.60%
1/5/2016,5.57%
1/6/2016,5.53%
1/7/2016,5.56%
1/8/2016,5.56%
1/11/2016,5.63%
1/12/2016,5.65%
1/13/2016,5.71%
1/14/2016,5.83%
1/15/2016,5.98%
1/19/2016,6.02%
1/20/2016,6.31%
1/21/2016,6.28%
1/22/2016,6.20%
1/25/2016,6.24%
1/26/2016,6.28%
1/27/2016,6.32%
1/28/2016,6.32%
1/29/2016,6.28%
2/1/2016,6.32%
2/2/2016,6.36%
2/3/2016,6.38%
2/4/2016,6.31%
2/5/2016,6.35%
2/8/2016,6.75%
2/9/2016,7.14%
2/10/2016,6.75%
2/11/2016,7.00%
2/12/2016,6.72%
2/16/2016,6.75%
2/17/2016,6.74%
2/18/2016,6.54%
2/19/2016,6.65%
2/22/2016,6.56%
2/23/2016,6.57%
2/24/2016,6.45%
2/25/2016,6.35%
2/26/2016,6.34%
2/29/2016,6.27%
3/1/2016,6.22%
3/2/2016,6.12%
3/3/2016,5.99%
3/4/2016,5.93%
3/7/2016,5.83%
3/8/2016,5.78%
3/9/2016,5.82%
3/10/2016,5.76%
3/11/2016,5.71%
3/14/2016,5.63%
3/15/2016,5.63%
3/16/2016,5.53%
3/17/2016,5.43%
3/18/2016,5.31%
3/21/2016,5.31%
3/22/2016,5.28%
3/23/2016,5.20%
3/24/2016,5.27%
3/28/2016,5.25%
3/29/2016,5.25%
3/30/2016,5.21%
3/31/2016,5.17%
4/1/2016,5.05%
4/4/2016,5.07%
4/5/2016,5.04%
4/6/2016,5.07%
4/7/2016,5.02%
4/8/2016,5.00%
4/11/2016,4.95%
4/12/2016,4.89%
4/13/2016,4.81%
4/14/2016,4.80%
4/15/2016,4.74%
4/18/2016,4.73%
4/19/2016,4.63%
4/20/2016,4.61%
4/21/2016,4.58%
4/22/2016,4.56%
4/25/2016,4.56%
4/26/2016,4.57%
4/27/2016,4.48%
4/28/2016,4.50%
4/29/2016,4.39%
5/2/2016,4.38%
5/3/2016,4.39%
5/4/2016,4.42%
5/5/2016,4.37%
5/6/2016,4.44%
5/9/2016,4.79%
5/10/2016,4.51%
5/11/2016,4.48%
5/12/2016,4.65%
5/13/2016,4.63%
5/16/2016,4.63%
5/17/2016,4.62%
5/18/2016,4.70%
5/19/2016,4.70%
5/20/2016,4.69%
5/23/2016,4.68%
5/24/2016,4.67%
5/25/2016,4.65%
5/26/2016,4.59%
5/27/2016,4.60%
5/31/2016,4.58%
6/1/2016,4.28%
6/2/2016,4.24%
6/3/2016,4.13%
6/6/2016,4.11%
6/7/2016,4.05%
6/8/2016,4.00%
6/9/2016,3.98%
6/10/2016,3.95%
6/13/2016,3.94%
6/14/2016,3.98%
6/15/2016,3.96%
6/16/2016,3.98%
6/17/2016,3.99%
6/20/2016,3.98%
6/21/2016,3.99%
6/22/2016,3.95%
6/23/2016,3.96%
6/24/2016,3.94%
6/27/2016,3.90%
6/28/2016,3.87%
6/29/2016,3.82%
6/30/2016,3.81%
7/1/2016,3.71%
7/5/2016,3.63%
7/6/2016,3.66%
7/7/2016,3.64%
7/8/2016,3.61%
7/11/2016,3.62%
7/12/2016,3.61%
7/13/2016,3.58%
7/14/2016,3.58%
7/15/2016,3.63%
7/18/2016,3.59%
7/19/2016,3.56%
7/20/2016,3.58%
7/21/2016,3.55%
7/22/2016,3.58%
7/25/2016,3.62%
7/26/2016,3.67%
7/27/2016,3.66%
7/28/2016,3.70%
7/29/2016,3.69%
8/1/2016,3.84%
8/2/2016,3.90%
8/3/2016,3.86%
8/4/2016,3.77%
8/5/2016,3.81%
8/8/2016,3.76%
8/9/2016,3.70%
8/10/2016,3.68%
8/11/2016,3.72%
8/12/2016,3.66%
8/15/2016,3.66%
8/16/2016,3.66%
8/17/2016,3.64%
8/18/2016,3.60%
8/19/2016,3.62%
8/22/2016,3.58%
8/23/2016,3.62%
8/24/2016,3.58%
8/25/2016,3.60%
8/26/2016,3.63%
8/29/2016,3.58%
8/30/2016,3.58%
8/31/2016,3.59%
9/1/2016,3.62%
9/2/2016,3.62%
9/6/2016,3.57%
9/7/2016,3.58%
9/8/2016,3.62%
9/9/2016,3.68%
9/12/2016,3.68%
9/13/2016,3.75%
9/14/2016,3.71%
9/15/2016,3.72%
9/16/2016,3.73%
9/19/2016,3.71%
9/20/2016,3.73%
9/21/2016,3.71%
9/22/2016,3.64%
9/23/2016,3.64%
9/26/2016,3.63%
9/27/2016,3.62%
9/28/2016,3.61%
9/29/2016,3.57%
9/30/2016,3.60%
10/3/2016,3.58%
10/4/2016,3.60%
10/5/2016,3.59%
10/6/2016,3.58%
10/7/2016,3.56%
10/11/2016,3.56%
10/12/2016,3.58%
10/13/2016,3.55%
10/14/2016,3.58%
10/17/2016,3.54%
10/18/2016,3.51%
10/19/2016,3.47%
10/20/2016,3.46%
10/21/2016,3.45%
10/24/2016,3.47%
10/25/2016,3.47%
10/26/2016,3.53%
10/27/2016,3.58%
10/28/2016,3.58%
10/31/2016,3.60%
11/1/2016,3.64%
11/2/2016,3.68%
11/3/2016,3.67%
11/4/2016,3.66%
11/7/2016,3.67%
11/8/2016,3.69%
11/9/2016,3.84%
11/10/2016,3.82%
11/14/2016,3.94%
11/15/2016,3.94%
11/16/2016,3.90%
11/17/2016,3.94%
11/18/2016,3.99%
11/21/2016,3.98%
11/22/2016,3.96%
11/23/2016,3.98%
11/25/2016,3.99%
11/28/2016,3.97%
11/29/2016,3.97%
11/30/2016,3.94%
12/1/2016,3.95%
12/2/2016,3.91%
12/5/2016,3.89%
12/6/2016,3.89%
12/7/2016,3.83%
12/8/2016,3.84%
12/9/2016,3.88%
12/12/2016,3.84%
12/13/2016,3.82%
12/14/2016,3.85%
12/15/2016,3.90%
12/16/2016,3.92%
12/19/2016,3.87%
12/20/2016,3.89%
12/21/2016,3.86%
12/22/2016,3.85%
12/23/2016,3.84%
12/27/2016,3.86%
12/28/2016,3.82%
12/29/2016,3.79%
12/30/2016,3.77%
1/3/2017,3.78%
1/4/2017,3.75%
1/5/2017,3.67%
1/6/2017,3.71%
1/9/2017,3.69%
1/10/2017,3.69%
1/11/2017,3.68%
1/12/2017,3.68%
1/13/2017,3.69%
1/17/2017,3.66%
1/18/2017,3.70%
1/19/2017,3.76%
1/20/2017,3.75%
1/23/2017,3.71%
1/24/2017,3.76%
1/25/2017,3.76%
1/26/2017,3.71%
1/27/2017,3.68%
1/30/2017,3.71%
1/31/2017,3.69%
2/1/2017,3.73%
2/2/2017,3.73%
2/3/2017,3.74%
2/6/2017,3.68%
2/7/2017,3.66%
2/8/2017,3.66%
2/9/2017,3.70%
2/10/2017,3.71%
2/13/2017,3.72%
2/14/2017,3.74%
2/15/2017,3.77%
2/16/2017,3.73%
2/17/2017,3.72%
2/21/2017,3.72%
2/22/2017,3.71%
2/23/2017,3.68%
2/24/2017,3.64%
2/27/2017,3.67%
2/28/2017,3.67%
3/1/2017,3.75%
3/2/2017,3.78%
3/3/2017,3.77%
3/6/2017,3.79%
3/7/2017,3.82%
3/8/2017,3.89%
3/9/2017,3.98%
3/10/2017,3.96%
3/13/2017,3.98%
3/14/2017,4.00%
3/15/2017,3.92%
3/16/2017,3.90%
3/17/2017,3.89%
3/20/2017,3.87%
3/21/2017,3.86%
3/22/2017,3.86%
3/23/2017,3.87%
3/24/2017,3.85%
3/27/2017,3.85%
3/28/2017,3.85%
3/29/2017,3.80%
3/30/2017,3.79%
3/31/2017,3.77%
4/3/2017,3.73%
4/4/2017,3.73%
4/5/2017,3.72%
4/6/2017,3.71%
4/7/2017,3.73%
4/10/2017,3.72%
4/11/2017,3.67%
4/12/2017,3.67%
4/13/2017,3.64%
4/17/2017,3.67%
4/18/2017,3.62%
4/19/2017,3.64%
4/20/2017,3.65%
4/21/2017,3.64%
4/24/2017,3.67%
4/25/2017,3.69%
4/26/2017,3.65%
4/27/2017,3.65%
4/28/2017,3.63%
5/1/2017,3.67%
5/2/2017,3.64%
5/3/2017,3.65%
5/4/2017,3.70%
5/5/2017,3.72%
5/8/2017,3.73%
5/9/2017,3.74%
5/10/2017,3.72%
5/11/2017,3.70%
5/12/2017,3.65%
5/15/2017,3.62%
5/16/2017,3.60%
5/17/2017,3.54%
5/18/2017,3.56%
5/19/2017,3.57%
5/22/2017,3.55%
5/23/2017,3.57%
5/24/2017,3.55%
5/25/2017,3.55%
5/26/2017,3.57%
5/30/2017,3.55%
5/31/2017,3.55%
6/1/2017,3.57%
6/2/2017,3.54%
6/5/2017,3.55%
6/6/2017,3.53%
6/7/2017,3.59%
6/8/2017,3.61%
6/9/2017,3.60%
6/12/2017,3.60%
6/13/2017,3.59%
6/14/2017,3.54%
6/15/2017,3.58%
6/16/2017,3.59%
6/19/2017,3.60%
6/20/2017,3.63%
6/21/2017,3.66%
6/22/2017,3.69%
6/23/2017,3.67%
6/26/2017,3.65%
6/27/2017,3.66%
6/28/2017,3.67%
6/29/2017,3.67%
6/30/2017,3.68%
7/3/2017,3.74%
7/5/2017,3.74%
7/6/2017,3.75%
7/7/2017,3.77%
7/10/2017,3.77%
7/11/2017,3.76%
7/12/2017,3.70%
7/13/2017,3.71%
7/14/2017,3.70%
7/17/2017,3.69%
7/18/2017,3.64%
7/19/2017,3.63%
7/20/2017,3.64%
7/21/2017,3.61%
7/24/2017,3.63%
7/25/2017,3.66%
7/26/2017,3.61%
7/27/2017,3.63%
7/28/2017,3.61%
7/31/2017,3.60%
8/1/2017,3.59%
8/2/2017,3.60%
8/3/2017,3.58%
8/4/2017,3.59%
8/7/2017,3.62%
8/8/2017,3.64%
8/9/2017,3.64%
8/10/2017,3.64%
8/11/2017,3.66%
8/14/2017,3.68%
8/15/2017,3.67%
8/16/2017,3.64%
8/17/2017,3.66%
8/18/2017,3.67%
8/21/2017,3.67%
8/22/2017,3.70%
8/23/2017,3.64%
8/24/2017,3.66%
8/25/2017,3.64%
8/28/2017,3.64%
8/29/2017,3.63%
8/30/2017,3.61%
8/31/2017,3.60%
9/1/2017,3.55%
9/5/2017,3.53%
9/6/2017,3.52%
9/7/2017,3.49%
9/8/2017,3.48%
9/11/2017,3.53%
9/12/2017,3.55%
9/13/2017,3.57%
9/14/2017,3.54%
9/15/2017,3.55%
9/18/2017,3.56%
9/19/2017,3.54%
9/20/2017,3.56%
9/21/2017,3.54%
9/22/2017,3.54%
9/25/2017,3.49%
9/26/2017,3.50%
9/27/2017,3.55%
9/28/2017,3.52%
9/29/2017,3.54%
10/2/2017,3.55%
10/3/2017,3.52%
10/4/2017,3.53%
10/5/2017,3.53%
10/6/2017,3.54%
10/10/2017,3.52%
10/11/2017,3.52%
10/12/2017,3.51%
10/13/2017,3.48%
10/16/2017,3.49%
10/17/2017,3.49%
10/18/2017,3.51%
10/19/2017,3.50%
10/20/2017,3.52%
10/23/2017,3.52%
10/24/2017,3.50%
10/25/2017,3.54%
10/26/2017,3.55%
10/27/2017,3.52%
10/30/2017,3.48%
10/31/2017,3.47%
11/1/2017,3.50%
11/2/2017,3.48%
11/3/2017,3.48%
11/6/2017,3.46%
11/7/2017,3.45%
11/8/2017,3.48%
11/9/2017,3.51%
11/10/2017,3.57%
11/13/2017,3.57%
11/14/2017,3.57%
11/15/2017,3.57%
11/16/2017,3.58%
11/17/2017,3.57%
11/20/2017,3.59%
11/21/2017,3.58%
11/22/2017,3.55%
11/24/2017,3.56%
11/27/2017,3.56%
11/28/2017,3.56%
11/29/2017,3.58%
11/30/2017,3.60%
12/1/2017,3.61%
12/4/2017,3.61%
12/5/2017,3.60%
12/6/2017,3.58%
12/7/2017,3.61%
12/8/2017,3.61%
12/11/2017,3.62%
12/12/2017,3.63%
12/13/2017,3.58%
12/14/2017,3.57%
12/15/2017,3.57%
12/18/2017,3.60%
12/19/2017,3.64%
12/20/2017,3.66%
12/21/2017,3.64%
12/22/2017,3.65%
12/26/2017,3.63%
12/27/2017,3.60%
12/28/2017,3.59%
12/29/2017,3.57%
1/2/2018,3.62%
1/3/2018,3.59%
1/4/2018,3.59%
1/5/2018,3.61%
1/8/2018,3.60%
1/9/2018,3.63%
1/10/2018,3.63%
1/11/2018,3.60%
1/12/2018,3.60%
1/16/2018,3.59%
1/17/2018,3.63%
1/18/2018,3.65%
1/19/2018,3.68%
1/22/2018,3.69%
1/23/2018,3.66%
1/24/2018,3.67%
1/25/2018,3.62%
1/26/2018,3.66%
1/29/2018,3.68%
1/30/2018,3.71%
1/31/2018,3.69%
2/1/2018,3.75%
2/2/2018,3.82%
2/5/2018,3.79%
2/6/2018,3.81%
2/7/2018,3.84%
2/8/2018,3.89%
2/9/2018,3.92%
2/12/2018,3.92%
2/13/2018,3.97%
2/14/2018,4.01%
2/15/2018,3.98%
2/16/2018,3.97%
2/20/2018,3.99%
2/21/2018,4.02%
2/22/2018,4.01%
2/23/2018,3.99%
2/26/2018,3.97%
2/27/2018,4.00%
2/28/2018,4.00%
3/1/2018,4.03%
3/2/2018,4.08%
3/5/2018,4.09%
3/6/2018,4.07%
3/7/2018,4.09%
3/8/2018,4.10%
3/9/2018,4.11%
3/12/2018,4.10%
3/13/2018,4.10%
3/14/2018,4.09%
3/15/2018,4.11%
3/16/2018,4.12%
3/19/2018,4.12%
3/20/2018,4.15%
3/21/2018,4.16%
3/22/2018,4.15%
3/23/2018,4.15%
3/26/2018,4.15%
3/27/2018,4.17%
3/28/2018,4.16%
3/29/2018,4.13%
4/2/2018,4.01%
4/3/2018,4.04%
4/4/2018,4.05%
4/5/2018,4.05%
4/6/2018,4.01%
4/9/2018,4.01%
4/10/2018,4.00%
4/11/2018,3.99%
4/12/2018,4.01%
4/13/2018,4.01%
4/16/2018,4.00%
4/17/2018,3.99%
4/18/2018,4.02%
4/19/2018,4.07%
4/20/2018,4.11%
4/23/2018,4.13%
4/24/2018,4.15%
4/25/2018,4.18%
4/26/2018,4.17%
4/27/2018,4.14%
4/30/2018,4.13%
5/1/2018,4.17%
5/2/2018,4.17%
5/3/2018,4.17%
5/4/2018,4.17%
5/7/2018,4.17%
5/8/2018,4.19%
5/9/2018,4.21%
5/10/2018,4.19%
5/11/2018,4.17%
5/14/2018,4.18%
5/15/2018,4.23%
5/16/2018,4.25%
5/17/2018,4.25%
5/18/2018,4.22%
5/21/2018,4.21%
5/22/2018,4.21%
5/23/2018,4.16%
5/24/2018,4.15%
5/25/2018,4.12%
5/29/2018,4.01%
5/30/2018,4.08%
5/31/2018,4.07%
6/1/2018,4.15%
6/4/2018,4.18%
6/5/2018,4.19%
6/6/2018,4.23%
6/7/2018,4.21%
6/8/2018,4.21%
6/11/2018,4.23%
6/12/2018,4.22%
6/13/2018,4.25%
6/14/2018,4.22%
6/15/2018,4.22%
6/18/2018,4.23%
6/19/2018,4.22%
6/20/2018,4.27%
6/21/2018,4.28%
6/22/2018,4.29%
6/25/2018,4.28%
6/26/2018,4.28%
6/27/2018,4.24%
6/28/2018,4.25%
6/29/2018,4.24%
7/2/2018,4.25%
7/3/2018,4.23%
7/5/2018,4.22%
7/6/2018,4.21%
7/9/2018,4.20%
7/10/2018,4.20%
7/11/2018,4.18%
7/12/2018,4.18%
7/13/2018,4.16%
7/16/2018,4.18%
7/17/2018,4.18%
7/18/2018,4.20%
7/19/2018,4.16%
7/20/2018,4.18%
7/23/2018,4.23%
7/24/2018,4.21%
7/25/2018,4.19%
7/26/2018,4.21%
7/27/2018,4.20%
7/30/2018,4.19%
7/31/2018,4.16%
8/1/2018,4.20%
8/2/2018,4.19%
8/3/2018,4.15%
8/6/2018,4.14%
8/7/2018,4.15%
8/8/2018,4.16%
8/9/2018,4.15%
8/10/2018,4.11%
8/13/2018,4.14%
8/14/2018,4.15%
8/15/2018,4.13%
8/16/2018,4.13%
8/17/2018,4.13%
8/20/2018,4.09%
8/21/2018,4.09%
8/22/2018,4.10%
8/23/2018,4.09%
8/24/2018,4.11%
8/27/2018,4.11%
8/28/2018,4.14%
8/29/2018,4.15%
8/30/2018,4.13%
8/31/2018,4.12%
9/4/2018,4.16%
9/5/2018,4.18%
9/6/2018,4.16%
9/7/2018,4.20%
9/10/2018,4.20%
9/11/2018,4.23%
9/12/2018,4.22%
9/13/2018,4.21%
9/14/2018,4.21%
9/17/2018,4.22%
9/18/2018,4.25%
9/19/2018,4.28%
9/20/2018,4.26%
9/21/2018,4.25%
9/24/2018,4.25%
9/25/2018,4.28%
9/26/2018,4.24%
9/27/2018,4.23%
9/28/2018,4.23%
10/1/2018,4.23%
10/2/2018,4.21%
10/3/2018,4.29%
10/4/2018,4.33%
10/5/2018,4.35%
10/9/2018,4.34%
10/10/2018,4.36%
10/11/2018,4.30%
10/12/2018,4.32%
10/15/2018,4.34%
10/16/2018,4.33%
10/17/2018,4.35%
10/18/2018,4.36%
10/19/2018,4.38%
10/22/2018,4.39%
10/23/2018,4.41%
10/24/2018,4.37%
10/25/2018,4.39%
10/26/2018,4.36%
10/29/2018,4.37%
10/30/2018,4.43%
10/31/2018,4.46%
11/1/2018,4.46%
11/2/2018,4.51%
11/5/2018,4.50%
11/6/2018,4.49%
11/7/2018,4.47%
11/8/2018,4.50%
11/9/2018,4.47%
11/13/2018,4.49%
11/14/2018,4.51%
11/15/2018,4.57%
11/16/2018,4.54%
11/19/2018,4.55%
11/20/2018,4.60%
11/21/2018,4.61%
11/23/2018,4.62%
11/26/2018,4.63%
11/27/2018,4.65%
11/28/2018,4.66%
11/29/2018,4.71%
11/30/2018,4.71%
12/3/2018,4.63%
12/4/2018,4.60%
12/6/2018,4.62%
12/7/2018,4.57%
12/10/2018,4.59%
12/11/2018,4.60%
12/12/2018,4.59%
12/13/2018,4.57%
12/14/2018,4.54%
12/17/2018,4.51%
12/18/2018,4.49%
12/19/2018,4.47%
12/20/2018,4.53%
12/21/2018,4.56%
12/24/2018,4.53%
12/26/2018,4.58%
12/27/2018,4.55%
12/28/2018,4.56%
12/31/2018,4.51%
1/2/2019,4.53%
1/3/2019,4.44%
1/4/2019,4.51%
1/7/2019,4.52%
1/8/2019,4.51%
1/9/2019,4.46%
1/10/2019,4.45%
1/11/2019,4.42%
1/14/2019,4.43%
1/15/2019,4.43%
1/16/2019,4.41%
1/17/2019,4.41%
1/18/2019,4.41%
1/22/2019,4.36%
1/23/2019,4.35%
1/24/2019,4.33%
1/25/2019,4.32%
1/28/2019,4.32%
1/29/2019,4.28%
1/30/2019,4.25%
1/31/2019,4.18%
2/1/2019,4.20%
2/4/2019,4.21%
2/5/2019,4.15%
2/6/2019,4.17%
2/7/2019,4.15%
2/8/2019,4.15%
2/11/2019,4.17%
2/12/2019,4.18%
2/13/2019,4.19%
2/14/2019,4.17%
2/15/2019,4.16%
2/19/2019,4.14%
2/20/2019,4.13%
2/21/2019,4.16%
2/22/2019,4.13%
2/25/2019,4.12%
2/26/2019,4.12%
2/27/2019,4.13%
2/28/2019,4.13%
3/1/2019,4.19%
3/4/2019,4.16%
3/5/2019,4.15%
3/6/2019,4.14%
3/7/2019,4.10%
3/8/2019,4.11%
3/11/2019,4.13%
3/12/2019,4.08%
3/13/2019,4.08%
3/14/2019,4.09%
3/15/2019,4.06%
3/18/2019,4.06%
3/19/2019,4.05%
3/20/2019,4.00%
3/21/2019,3.99%
3/22/2019,3.92%
3/25/2019,3.88%
3/26/2019,3.86%
3/27/2019,3.84%
3/28/2019,3.84%
3/29/2019,3.86%
4/1/2019,3.92%
4/2/2019,3.92%
4/3/2019,3.92%
4/4/2019,3.92%
4/5/2019,3.90%
4/8/2019,3.91%
4/9/2019,3.89%
4/10/2019,3.88%
4/11/2019,3.89%
4/12/2019,3.86%
4/15/2019,3.85%
4/16/2019,3.89%
4/17/2019,3.89%
4/18/2019,3.86%
4/22/2019,3.88%
4/23/2019,3.88%
4/24/2019,3.85%
4/25/2019,3.83%
4/26/2019,3.83%
4/29/2019,3.84%
4/30/2019,3.83%
5/1/2019,3.85%
5/2/2019,3.91%
5/3/2019,3.89%
5/6/2019,3.88%
5/7/2019,3.85%
5/8/2019,3.88%
5/9/2019,3.89%
5/10/2019,3.89%
5/13/2019,3.90%
5/14/2019,3.89%
5/15/2019,3.88%
5/16/2019,3.87%
5/17/2019,3.86%
5/20/2019,3.89%
5/21/2019,3.90%
5/22/2019,3.88%
5/23/2019,3.83%
5/24/2019,3.86%
5/28/2019,3.82%
5/29/2019,3.81%
5/30/2019,3.80%
5/31/2019,3.76%
6/3/2019,3.73%
6/4/2019,3.76%
6/5/2019,3.76%
6/6/2019,3.77%
6/7/2019,3.73%
6/10/2019,3.75%
6/11/2019,3.75%
6/12/2019,3.75%
6/13/2019,3.71%
6/14/2019,3.72%
6/17/2019,3.73%
6/18/2019,3.69%
6/19/2019,3.64%
6/20/2019,3.56%
6/21/2019,3.58%
6/24/2019,3.51%
6/25/2019,3.52%
6/26/2019,3.56%
6/27/2019,3.50%
6/28/2019,3.49%
7/1/2019,3.50%
7/2/2019,3.46%
7/3/2019,3.44%
7/5/2019,3.55%
7/8/2019,3.58%
7/9/2019,3.59%
7/10/2019,3.62%
7/11/2019,3.65%
7/12/2019,3.65%
7/15/2019,3.63%
7/16/2019,3.66%
7/17/2019,3.66%
7/18/2019,3.79%
7/19/2019,3.80%
7/22/2019,3.79%
7/23/2019,3.80%
7/24/2019,3.78%
7/25/2019,3.87%
7/26/2019,3.86%
7/29/2019,3.85%
7/30/2019,3.87%
7/31/2019,3.50%
8/1/2019,3.42%
8/2/2019,3.42%
8/5/2019,3.36%
8/6/2019,3.37%
8/7/2019,3.36%
8/8/2019,3.41%
8/9/2019,3.42%
8/12/2019,3.35%
8/13/2019,3.40%
8/14/2019,3.37%
8/15/2019,3.34%
8/16/2019,3.32%
8/19/2019,3.38%
8/20/2019,3.34%
8/21/2019,3.32%
8/22/2019,3.33%
8/23/2019,3.29%
8/26/2019,3.29%
8/27/2019,3.26%
8/28/2019,3.23%
8/29/2019,3.24%
8/30/2019,3.25%
9/3/2019,3.23%
9/4/2019,3.19%
9/5/2019,3.26%
9/6/2019,3.26%
9/9/2019,3.31%
9/10/2019,3.37%
9/11/2019,3.40%
9/12/2019,3.44%
9/13/2019,3.53%
9/16/2019,3.44%
9/17/2019,3.42%
9/18/2019,3.40%
9/19/2019,3.36%
9/20/2019,3.35%
9/23/2019,3.31%
9/24/2019,3.26%
9/25/2019,3.35%
9/26/2019,3.31%
9/27/2019,3.31%
9/30/2019,3.32%
10/1/2019,3.29%
10/2/2019,3.27%
10/3/2019,3.21%
10/4/2019,3.19%
10/7/2019,3.24%
10/8/2019,3.25%
10/9/2019,3.29%
10/10/2019,3.35%
10/11/2019,3.39%
10/15/2019,3.38%
10/16/2019,3.36%
10/17/2019,3.35%
10/18/2019,3.35%
10/21/2019,3.37%
10/22/2019,3.34%
10/23/2019,3.34%
10/24/2019,3.33%
10/25/2019,3.33%
10/28/2019,3.38%
10/29/2019,3.36%
10/30/2019,3.35%
10/31/2019,3.28%
11/1/2019,3.31%
11/4/2019,3.35%
11/5/2019,3.40%
11/6/2019,3.34%
11/7/2019,3.42%
11/8/2019,3.43%
11/12/2019,3.41%
11/13/2019,3.39%
11/14/2019,3.34%
11/15/2019,3.36%
11/18/2019,3.34%
11/19/2019,3.33%
11/20/2019,3.29%
11/21/2019,3.34%
11/22/2019,3.34%
11/25/2019,3.32%
11/26/2019,3.28%
11/27/2019,3.31%
11/29/2019,3.31%
12/2/2019,3.37%
12/3/2019,3.26%
12/4/2019,3.32%
12/5/2019,3.32%
12/6/2019,3.34%
12/9/2019,3.33%
12/10/2019,3.33%
12/11/2019,3.28%
12/12/2019,3.33%
12/13/2019,3.26%
12/16/2019,3.30%
12/17/2019,3.28%
12/18/2019,3.29%
12/19/2019,3.25%
12/20/2019,3.26%
12/23/2019,3.28%
12/24/2019,3.25%
12/26/2019,3.24%
12/27/2019,3.20%
12/30/2019,3.21%
12/31/2019,3.22%
1/2/2020,3.20%
1/3/2020,3.13%
1/6/2020,3.16%
1/7/2020,3.18%
1/8/2020,3.22%
1/9/2020,3.19%
1/10/2020,3.16%
1/13/2020,3.19%
1/14/2020,3.17%
1/15/2020,3.15%
1/16/2020,3.16%
1/17/2020,3.17%
1/21/2020,3.12%
1/22/2020,3.11%
1/23/2020,3.11%
1/24/2020,3.07%
1/27/2020,3.07%
1/28/2020,3.09%
1/29/2020,3.04%
1/30/2020,3.04%
1/31/2020,3.03%
2/3/2020,3.05%
2/4/2020,3.11%
2/5/2020,3.12%
2/6/2020,3.10%
2/7/2020,3.05%
2/10/2020,3.04%
2/11/2020,3.05%
2/12/2020,3.06%
2/13/2020,3.06%
2/14/2020,3.03%
2/18/2020,3.00%
2/19/2020,3.01%
2/20/2020,2.97%
2/21/2020,2.93%
2/24/2020,2.90%
2/25/2020,2.90%
2/26/2020,2.96%
2/27/2020,2.99%
2/28/2020,2.98%
3/2/2020,2.99%
3/3/2020,2.94%
3/4/2020,2.90%
3/5/2020,2.92%
3/6/2020,2.90%
3/9/2020,3.94%
3/10/2020,4.42%
3/11/2020,4.68%
3/12/2020,5.15%
3/13/2020,5.20%
3/16/2020,5.36%
3/17/2020,5.66%
3/18/2020,6.24%
3/19/2020,7.38%
3/20/2020,7.28%
3/23/2020,7.52%
3/24/2020,7.70%
3/25/2020,7.59%
3/26/2020,7.14%
3/27/2020,6.90%
3/30/2020,6.81%
3/31/2020,6.66%
4/1/2020,6.65%
4/2/2020,6.38%
